tool|type|value|source
Academia|creator|Academia|TERESAH
Academia|description|Academia allows academics to have free web pages, and displays the branches of academia in a tree-like format, grouped by universities and departments.|BambooDirt
Academia|keyword|collaboration|TERESAH
Academia|url|http://www.academia.edu/|TERESAH
Academia|application-category|Collaboration|TERESAH
Academia|application-category|Communicating|TERESAH
Academia|operating-system|Web|TERESAH
ANNIS|keyword|Active|TERESAH
ANNIS|description|"ANNIS2 is an open source, versatile web browser-based search and visualization architecture for complex multilevel linguistic corpora with diverse types of annotation. ANNIS, which stands for ANNotation of Information Structure, has been designed to provide access to the data of the SFB 632 (""Information Structure: The Linguistic Means for Structuring Utterances, Sentences and Texts""). Since information structure interacts with linguistic phenomena on many levels, ANNIS2 addresses the SFB's need to concurrently annotate, query and visualize data from such varied areas as syntax, semantics, morphology, prosody, referentiality, lexis and more. For projects working with spoken language, support for audio / video annotations is also required.
In the SFB, a number of different projects collect and annotate data according to the common SFB Annotation Standard. This data, which is annotated using both automatic taggers/parsers and a small set of manual annotation tools (EXMARaLDA, ELAN, annotate/Synpathy, MMAX, RSTTool), is mapped onto the encoding standard of the SFB, PAULA (Potsdamer Austauschformat für Linguistische Annotation / Potsdam Interchange Format for Linguistic Annotation), a stand-off multilevel XML format, which serves as the basis for further processing. ANNIS2 provides the means for visualizing and retrieving this data. The diagram below illustrates the data flow from multiple annotation tools into the merged XML format and the ANNIS application."|BambooDirt
ANNIS|keyword|Apache|TERESAH
ANNIS|license|Apache License|TERESAH
ANNIS|creator|Apache Software Foundation|TERESAH
ANNIS|keyword|corpus linguistics|TERESAH
ANNIS|url|http://corpus-tools.org/annis/|TERESAH
ANNIS|application-category|Visualization|TERESAH
AntConc|description|AntConc is free concordance software.|BambooDirt
AntConc|keyword|concordance|TERESAH
AntConc|url|http://www.laurenceanthony.net/software/antconc/|TERESAH
AntConc|creator|Laurence Anthony|TERESAH
AntConc|operating-system|Linux|TERESAH
AntConc|application-category|4_Analysis|TERESAH
AntWordProfiler|description|AntWordProfiler is free software for analyzing word frequency.|BambooDirt
AntWordProfiler|url|http://www.laurenceanthony.net/software/antwordprofiler/|TERESAH
AntWordProfiler|creator|Laurence Anthony|TERESAH
AntWordProfiler|operating-system|Linux|TERESAH
AntWordProfiler|keyword|text analysis|TERESAH
AntWordProfiler|application-category|4_Analysis|TERESAH
Anvil|description|ANVIL is a free video annotation tool. It offers multi-layered annotation based on a user-defined coding scheme.|BambooDirt
Anvil|url|http://www.anvil-software.org/|TERESAH
Anvil|operating-system|Linux|TERESAH
Anvil|creator|Michael Kipp|TERESAH
Anvil|application-category|Recording|TERESAH
ARTFL Encyclopedie Project|creator|ARTFL|TERESAH
ARTFL Encyclopedie Project|keyword|encyclopedia|TERESAH
ARTFL Encyclopedie Project|url|http://encyclopedie.uchicago.edu/|TERESAH
ARTFL Encyclopedie Project|keyword|Philomine|TERESAH
ARTFL Encyclopedie Project|application-category|Gathering|TERESAH
ARTFL Encyclopedie Project|application-category|Organizing|TERESAH
ARTFL Encyclopedie Project|description|The ARTFL Encyclopedie Project has digitized the Encyclopedie ou Dictionnaire raisonné des sciences, des arts et des métiers, par une Société de Gens de lettres (published under the direction of Diderot and d'Alembert between 1751 and 1772, containing 74,000 articles written by more than 130 contributors) and made it available online for scholars to use with the Philologic text retrieval engine and the Philomine text mining tools.|BambooDirt
ARTFL Encyclopedie Project|operating-system|Web|TERESAH
BASE|description|BASE (Bielefeld Academic Search Engine) is a search engine for academic open access web resources that searches materials stored in OAI-PMH (Open Archives Initiative Protocol for Metadata Harvesting) enabled repositories.|BambooDirt
BASE|creator|Bielefeld University Library|TERESAH
BASE|url|http://www.base-search.net/|TERESAH
BASE|keyword|Open Access|TERESAH
BASE|is-used-for|Searching|TERESAH
BASE|keyword|Solr|TERESAH
BASE|operating-system|Web|TERESAH
BatchGeo|description|BatchGeo takes addresses and converts them into coordinates, and maps the results.|BambooDirt
BatchGeo|url|http://batchgeo.com/|TERESAH
BatchGeo|is-used-for|Mapping|TERESAH
BatchGeo|operating-system|Web|TERESAH
Beautiful Soup|application-category|Conversion|TERESAH
Beautiful Soup|url|http://www.crummy.com/software/BeautifulSoup/|TERESAH
Beautiful Soup|creator|Leonard Richardson|TERESAH
Beautiful Soup|operating-system|Linux|TERESAH
Beautiful Soup|license|Python Software Foundation|TERESAH
Beautiful Soup|description|saves programmers hours or days of work on quick-turnaround screen scraping projects|BambooDirt
BibDesk|description|BibDesk allows you to edit and manage your bibliography. It keeps track of the bibliographic information, associated files, and web links.|BambooDirt
BibDesk|application-category|Organizing|TERESAH
BibDesk|keyword|bibliographic management|TERESAH
BibDesk|url|http://bibdesk.sourceforge.net/|TERESAH
BibDesk|creator|Matt Cook|TERESAH
BibDesk|operating-system|osX|TERESAH
BibMe|application-category|Organizing|TERESAH
BibMe|keyword|bibliographic management|TERESAH
BibMe|description|BibMe is an automatic bibliography maker that auto-fills information, allowing you to build easily a works cited page. You can download your bibliography in either MLA, APA, Chicago, or Turbian formats.|BambooDirt
BibMe|url|http://www.bibme.org/|TERESAH
BibMe|operating-system|Web|TERESAH
brat rapid annotation tool|keyword|Active|TERESAH
brat rapid annotation tool|license|CC-BY|TERESAH
brat rapid annotation tool|keyword|collaboration|TERESAH
brat rapid annotation tool|url|http://brat.nlplab.org/|TERESAH
brat rapid annotation tool|keyword|Java|TERESAH
brat rapid annotation tool|description|"This online tool can be used for a wide variety of annotation tasks, including visualization and collaboration.
brat is designed in particular for structured annotation, where the notes are not freeform text but have a fixed form that can be automatically processed and ""interpreted"" by a computer. brat also supports the annotation of n-ary associations that can link together any number of other annotations participating in specific roles. brat also implements a number of features relying on natural language processing techniques to support human annotation efforts.
Other applications include entity mention detection, event extraction, coreference resolution, chunking, dependency syntax, meta-knowledge, and corpora annotation."|BambooDirt
brat rapid annotation tool|creator|Tomoko Ohta|TERESAH
brat rapid annotation tool|operating-system|Web|TERESAH
brat rapid annotation tool|application-category|Visualization|TERESAH
Carrot2|description|Carrot2 is an open source search results clustering engine. It automatically organizes small collections of documents into categories.|BambooDirt
Carrot2|url|http://search.carrot2.org/stable/search|TERESAH
Carrot2|operating-system|Web|TERESAH
Carrot2|is-used-for|Pattern Recognition > Analysis-Relational Analysis|TERESAH
Carrot2|keyword|visual search|TERESAH
CATMA: Computer Aided Textual Markup & Analysis|description|"CATMA provides a visual interface for text markup and analysis using a ""query builder"" and more powerful query language. A number of statistical and non-statistical analyses are built-in."|BambooDirt
CATMA: Computer Aided Textual Markup & Analysis|url|http://www.catma.de/|TERESAH
CATMA: Computer Aided Textual Markup & Analysis|operating-system|osX|TERESAH
CATMA: Computer Aided Textual Markup & Analysis|application-category|4_Analysis|TERESAH
CATMA: Computer Aided Textual Markup & Analysis|keyword|text mining|TERESAH
Chartle|description|Create simple charts.|BambooDirt
Chartle|url|http://www.chartle.net/|TERESAH
Chartle|keyword|Javascript|TERESAH
Chartle|operating-system|Web|TERESAH
Chartle|application-category|Visualization|TERESAH
Cheshire3|keyword|Active development|TERESAH
Cheshire3|keyword|Advanced|TERESAH
Cheshire3|description|Cheshire3 is an open-source search engine designed for indexing records. Additionally there are plugins for text mining tasks such as Natural Language Processing, and searching of RDF (Resource Description Framework) files, as well as SQL data. It has a Python-based API.|HistoryOnline
Cheshire3|keyword|Multifunctional|TERESAH
Cheshire3|keyword|Offline|TERESAH
Cheshire3|application-category|Editing|TERESAH
Cheshire3|application-category|Annotating|TERESAH
Cheshire3|application-category|4_Analysis|TERESAH
Cheshire3|url|http://cheshire3.org/|TERESAH
CLAWS Tagger|description|A software tool for performing Parts-of-Speech (POS) tagging - the classification of words into one or more categories based upon its definition, relationship with other words, or other context - on a body of text. CLAWS (Constituent Likelihood Automatic Word-tagging System) uses several methods to identify parts of speech, most notably a system called Hidden Markov models (HMMs) which involve counting cases and making a table of the probabilities of certain sequences of words. For example, if an article and verb appear together, the next word is more likely to be a preposition, article, or noun, rather than another verb.|ArtsHumanities
CLAWS Tagger|license|academic|TERESAH
CLAWS Tagger|keyword|CLAWS8 tag-set|TERESAH
CLAWS Tagger|license|commercial|TERESAH
CLAWS Tagger|keyword|Corpus annotation|TERESAH
CLAWS Tagger|keyword|grammatical tagging|TERESAH
CLAWS Tagger|operating-system|Linux|TERESAH
CLAWS Tagger|operating-system|osX|TERESAH
CLAWS Tagger|keyword|Parts-of-speech|TERESAH
CLAWS Tagger|keyword|structuring|TERESAH
CLAWS Tagger|creator|University Centre for Computer Corpus Research on Language (UCREL), University of Lancaster|TERESAH
CLAWS Tagger|operating-system|Windows|TERESAH
CLAWS Tagger|url|http://ucrel.lancs.ac.uk/claws/|TERESAH
Collin's Parser|creator|Michael Collins|TERESAH
Collin's Parser|description|A statistical natural language parser capable of analysing a text to determine its grammatical structure.|ArtsHumanities
Collin's Parser|keyword|analysis|TERESAH
Collin's Parser|operating-system|Cross-platform|TERESAH
Collin's Parser|license|GNU GPL|TERESAH
Collin's Parser|operating-system|Linux|TERESAH
Collin's Parser|keyword|Natural language|TERESAH
Collin's Parser|operating-system|osX|TERESAH
Collin's Parser|keyword|parse|TERESAH
Collin's Parser|keyword|parsing standards|TERESAH
Collin's Parser|keyword|Statistical analysis|TERESAH
Collin's Parser|operating-system|Windows|TERESAH
Collin's Parser|url|http://www.cs.columbia.edu/~mcollins/|TERESAH
DR2 Server|keyword|Active development|TERESAH
DR2 Server|keyword|Advanced|TERESAH
DR2 Server|is-used-for|Linked open data > Enrichment-Annotation; Dissemination-Publishing|TERESAH
DR2 Server|keyword|Online|TERESAH
DR2 Server|keyword|Single purpose|TERESAH
DR2 Server|url|http://d2rq.org/|TERESAH
DR2 Server|description|The DR2 server provides a mechanism for publishing relational databases in a way which is searchable by semantic web tools, such as RDF (Resource Description Framework) browsers and SPARQL queries. This is done by having the semantic web queries translated into SQL queries on the fly. It is recommended that the DR2 Server is deployed in a servlet, a Java program which runs within a server. The DR2 Server is part of the DR2 Platform: http://d2rq.org/.|HistoryOnline
EATS|keyword|Authority Access|TERESAH
EATS|keyword|Authority Control|TERESAH
EATS|operating-system|Cross-platform|TERESAH
EATS|keyword|Django|TERESAH
EATS|keyword|Entity Management|TERESAH
EATS|license|GNU GPL|TERESAH
EATS|creator|Jamie Norrish|TERESAH
EATS|keyword|linked data|TERESAH
EATS|keyword|Manual input and transcription|TERESAH
EATS|keyword|Python|TERESAH
EATS|keyword|Record linkages|TERESAH
EATS|keyword|structuring|TERESAH
EATS|standard|TEI|TERESAH
EATS|url|https://github.com/ajenhl/eats|TERESAH
EATS|description|The Entity Authority Tool Set (EATS) is a web application for recording, editing, using and displaying authority information about entities. It is designed to allow multiple authorities to each maintain their own independent data, while operating on a common base so that information about the same entity is all in one place.EATS also comes with client tools for automatically looking up entities in a text by name and adding appropriate TEI markup.|ArtsHumanities
EpiDoc XSLT|standard|EpiDoc|TERESAH
EpiDoc XSLT|keyword|epigraphy|TERESAH
EpiDoc XSLT|license|GNU GPL|TERESAH
EpiDoc XSLT|operating-system|Linux|TERESAH
EpiDoc XSLT|operating-system|osX|TERESAH
EpiDoc XSLT|keyword|Papyrology|TERESAH
EpiDoc XSLT|application-category|Publishing|TERESAH
EpiDoc XSLT|description|"Set of parameterised and customisable XSLT stylesheets for the display of EpiDoc XML in HTML, text, or other display output; they perform the necessary conversions to produce the human-readable versions of EpiDoc, using Leiden conventions. These stylesheets form the basis of almost all EpiDoc projects’ web output."|ArtsHumanities
EpiDoc XSLT|keyword|structuring|TERESAH
EpiDoc XSLT|standard|TEI|TERESAH
EpiDoc XSLT|keyword|text encoding|TERESAH
EpiDoc XSLT|keyword|Text encoding - descriptive|TERESAH
EpiDoc XSLT|keyword|Text encoding - presentational|TERESAH
EpiDoc XSLT|keyword|Text encoding - referential|TERESAH
EpiDoc XSLT|operating-system|Windows|TERESAH
EpiDoc XSLT|standard|XML|TERESAH
EpiDoc XSLT|standard|XSLT|TERESAH
EpiDoc XSLT|creator|Zaneta Au, Gabriel Bodard, Hugh Cayless, Tom Elliott|TERESAH
EpiDoc XSLT|url|https://github.com/DCLP/epidoc-xslt|TERESAH
Fedora Commons|description|An architectural framework upon which a digital asset management (DAM) may be built. Fedora Commons (Flexible Extensible Digital Object Repository Architecture) is widely used in the academic sector as a basis for the creation of an digital library, archive, or repository system. Fedora provides a set of software tools to ingest, manage and deliver digital objects. Fedora Objects may contain many types of information, including descriptive, technical, preservation and relationship metadata. The Fedora server architecture exposes a set of Application Programming Interfaces (APIs) for submission, management, access and search.|ArtsHumanities
Fedora Commons|license|Apache|TERESAH
Fedora Commons|keyword|Cataloguing and indexing|TERESAH
Fedora Commons|keyword|content model|TERESAH
Fedora Commons|creator|Cornell University, University of Virginia and several third-parties|TERESAH
Fedora Commons|operating-system|Cross-platform|TERESAH
Fedora Commons|keyword|digital asset management|TERESAH
Fedora Commons|keyword|digital repository|TERESAH
Fedora Commons|keyword|G-Search|TERESAH
Fedora Commons|keyword|object|TERESAH
Fedora Commons|keyword|Open Access Initiative Protocol for Metadata Harvesting (OAI-PMH)|TERESAH
Fedora Commons|keyword|preservation|TERESAH
Fedora Commons|application-category|Publishing|TERESAH
Fedora Commons|standard|RDF|TERESAH
Fedora Commons|keyword|REST/SOAP|TERESAH
Fedora Commons|keyword|structuring|TERESAH
Fedora Commons|url|http://fedora-commons.org/|TERESAH
FigShare|creator|Digital Science|TERESAH
FigShare|description|Figshare allows researchers to publish all of their research outputs in seconds in an easily citable, sharable and discoverable manner. All file formats can be published, including videos and datasets that are often demoted to the supplemental materials section in current publishing models. By opening up the peer review process, researchers can easily publish null results, avoiding the file drawer effect and helping to make scientific research more efficient. Figshare uses creative commons licensing to allow frictionless sharing of research data whilst allowing users to maintain their ownership.|BambooDirt
FigShare|url|http://figshare.com/|TERESAH
FigShare|application-category|Publishing|TERESAH
FigShare|operating-system|Web|TERESAH
GATE|keyword|Active|TERESAH
GATE|keyword|corpus linguistics|TERESAH
GATE|description|GATE (General Architecture for Text Engineering) is a sophisticated framework that allows manual and automatic annotation as well as the processing of all kinds of language resources. GATE has a broad community of users and developers, and comes with diverse plugins for specific linguistic tasks.|BambooDirt
GATE|url|https://gate.ac.uk/|TERESAH
GATE|application-category|4_Analysis|TERESAH
GATE|operating-system|Linux|TERESAH
GDAL|keyword|ANSI C|TERESAH
GDAL|keyword|C++|TERESAH
GDAL|operating-system|Cross-platform|TERESAH
GDAL|application-category|1_Capture|TERESAH
GDAL|keyword|DTED|TERESAH
GDAL|keyword|ECW|TERESAH
GDAL|keyword|ESRI Shapefiles|TERESAH
GDAL|creator|Frank Warmerdam|TERESAH
GDAL|keyword|Geophysical survey|TERESAH
GDAL|keyword|Geo-referencing and projection|TERESAH
GDAL|keyword|Geospatial data|TERESAH
GDAL|description|Geospatial Data Abstraction Library (GDAL) is a translator library for vector and raster geospatial data formats that is released under an X/MIT style Open Source license by the Open Source Geospatial Foundation.|BambooDirt
GDAL|description|Geospatial Data Abstraction Library (GDAL) is a translator library for vector and raster geospatial data formats that is released under an X/MIT style Open Source license by the Open Source Geospatial Foundation.|ArtsHumanities
GDAL|standard|GeoTIFF|TERESAH
GDAL|keyword|GIS|TERESAH
GDAL|standard|GML|TERESAH
GDAL|keyword|GPS and total station surveys|TERESAH
GDAL|url|http://www.gdal.org/|TERESAH
GDAL|keyword|JFIF|TERESAH
GDAL|standard|JPEG|TERESAH
GDAL|standard|JPEG2000|TERESAH
GDAL|standard|KML|TERESAH
GDAL|keyword|Manual input and transcription|TERESAH
GDAL|keyword|Mapinfo mid/mif|TERESAH
GDAL|license|MIT License|TERESAH
GDAL|keyword|MrSID|TERESAH
GDAL|keyword|NITF|TERESAH
GDAL|creator|Open Source Geospatial Foundation|TERESAH
GDAL|keyword|PostGIS|TERESAH
GDAL|application-category|Publishing|TERESAH
GDAL|keyword|SDTS|TERESAH
GDAL|keyword|TAB|TERESAH
GDAL|standard|TIFF|TERESAH
GDAL|operating-system|Web|TERESAH
GDAL|keyword|Visualisation|TERESAH
GDAL|license|X11/MIT License|TERESAH
GeoNames|description|A global geographical database that may be used to identify, tag and disambiguate all references to location. The database contains over 8 million entries, each of which possesses a geographic name (in various languages), latitude, longitude, elevation, population, administrative subdivision and postal codes and information on unique features.|ArtsHumanities
GeoNames|license|Creative Commons|TERESAH
GeoNames|license|Creative Commons Attribution|TERESAH
GeoNames|operating-system|Cross-platform|TERESAH
GeoNames|keyword|digital maps|TERESAH
GeoNames|keyword|geocoding|TERESAH
GeoNames|keyword|geography|TERESAH
GeoNames|description|GeoNames is a database for looking up geographical names to obtain additional information, such as country, feature class (e.g. lake, capital of a political entity), latitude and longitude.|BambooDirt
GeoNames|keyword|Geo-referencing and projection|TERESAH
GeoNames|url|http://www.geonames.org/|TERESAH
GeoNames|keyword|Java|TERESAH
GeoNames|keyword|Lisp|TERESAH
GeoNames|is-used-for|Mapping|TERESAH
GeoNames|creator|Marc Wick|TERESAH
GeoNames|keyword|neogeography|TERESAH
GeoNames|keyword|Perl|TERESAH
GeoNames|application-category|Publishing|TERESAH
GeoNames|keyword|Python|TERESAH
GeoNames|keyword|Ruby|TERESAH
GeoNames|keyword|structuring|TERESAH
GeoNames|keyword|Text recognition|TERESAH
GeoNames|keyword|Texture design and mapping|TERESAH
GeoNames|keyword|Use of existing digital data|TERESAH
GeoNames|operating-system|Web|TERESAH
GeoNames|keyword|World Geodetic System 1984 (WGS1984)|TERESAH
GeoNames|standard|XML|TERESAH
Gephi|description|Gephi is graphing software that provides a way to explore data through visualization and network analysis.|BambooDirt
Gephi|url|http://gephi.org/|TERESAH
Gephi|operating-system|Linux|TERESAH
Gephi|keyword|network analysis|TERESAH
Gephi|application-category|Visualization|TERESAH
GNU Wget|application-category|1_Capture|TERESAH
GNU Wget|keyword|downloading|TERESAH
GNU Wget|creator|GNU|TERESAH
GNU Wget|license|GNU GPL|TERESAH
GNU Wget|description|GNU Wget is a free software package for retrieving files using HTTP, HTTPS and FTP.|BambooDirt
GNU Wget|url|http://www.gnu.org/software/wget/|TERESAH
GNU Wget|operating-system|Linux|TERESAH
GPS Visualizer|description|GPS Visualizer is a free, easy-to-use online utility that creates maps and profiles from GPS data (tracks and waypoints, including GPX files), driving routes, street addresses, or coordinates. Meet and GreetAirport Parking|BambooDirt
GPS Visualizer|url|http://www.gpsvisualizer.com/|TERESAH
GPS Visualizer|is-used-for|Mapping|TERESAH
GPS Visualizer|operating-system|Web|TERESAH
Greenstone|application-category|1_Capture|TERESAH
Greenstone|license|GNU GPL|TERESAH
Greenstone|description|Greenstone is a suite of software for building and distributing digital library collections. It also allows users to publish to the internet or CD-ROM|BambooDirt
Greenstone|url|http://www.greenstone.org/|TERESAH
Greenstone|operating-system|Linux|TERESAH
Greenstone|application-category|Publishing|TERESAH
GRETL|application-category|4_Analysis|TERESAH
GRETL|keyword|data analysis|TERESAH
GRETL|license|GNU Affero GPL|TERESAH
GRETL|description|"GRETL () s a cross-platform software package for econometric analysis, written in the C. It features:
Easy intuitive interface (now in French, Italian, Spanish, Polish, German, Basque, Portuguese, Russian, Turkish, Czech, Traditional Chinese, Albanian and Greek as well as English)
A wide variety of estimators: least squares, maximum likelihood, GMM; single-equation and system methods
Time series methods: ARMA, GARCH, VARs and VECMs, unit-root and cointegration tests, etc.
Limited dependent variables: logit, probit, tobit, interval regression, models for count and duration data, etc.
Output models as LaTeX files, in tabular or equation format
Integrated scripting language: enter commands either via the gui or via script
Command loop structure for Monte Carlo simulations and iterative estimation procedures
GUI controller for fine-tuning Gnuplot graphs

Links to GNU R, GNU Octave and Ox for further data analysis"|BambooDirt
GRETL|url|http://gretl.sourceforge.net/|TERESAH
GRETL|operating-system|Web|TERESAH
Gruff|keyword|Active development|TERESAH
Gruff|keyword|Beginner|TERESAH
Gruff|description|Gruff is a visual tool for exploring RDF (Resource Description Framework) triple stores. RDF can appear rather abstract when viewed as a list, so Gruff gives users the ability to explore a set of triples graphically, following connected nodes, zooming in, etc. Several different views are available.|HistoryOnline
Gruff|is-used-for|Linked open data > Enrichment-Annotation; Dissemination-Publishing|TERESAH
Gruff|keyword|Offline|TERESAH
Gruff|keyword|Single purpose|TERESAH
Gruff|url|https://franz.com/agraph/gruff/|TERESAH
HUBzero|application-category|6_Storage|TERESAH
HUBzero|url|http://hubzero.org/|TERESAH
HUBzero|description|HUBzero is a web publication platform intended for research software and educational materials. HUBzero's most distinctive traits are a built-in environment that can run software that scholars have developed within the browser, a tool development area, the ability to post web-based presentations associated with tools.|BambooDirt
HUBzero|creator|Purdue University|TERESAH
HUBzero|operating-system|Web|TERESAH
HUBzero|keyword|web publishing|TERESAH
ICTA (internet community text analyzer)|url|http://netlytic.org/|TERESAH
ICTA (internet community text analyzer)|description|"Netlytic is a web-based system for automated text analysis and discovery of social networks from electronic communication such as emails, forums, blogs and chats.
What can the current version of Netlytic do?
	Import and clean your data set from an RSS feed, an external database or a text file
	Find and explore emerging themes of discussions
	Build and visualize Chain Networks (social networks based on the number of messages exchanged between individuals) and Name Networks (social networks built from mining personal names)."|BambooDirt
ICTA (internet community text analyzer)|keyword|social media|TERESAH
ICTA (internet community text analyzer)|application-category|4_Analysis|TERESAH
ICTA (internet community text analyzer)|operating-system|Web|TERESAH
JabRef|application-category|Organizing|TERESAH
JabRef|keyword|Content management|TERESAH
JabRef|url|http://www.jabref.org/|TERESAH
JabRef|description|JabRef is an open source bibliographic reference management tool. You can import BibTeX and LaTeX files to generate bibliographies in a number of different styles.|BambooDirt
JabRef|operating-system|Linux|TERESAH
JGAAP (java graphical authorship attribution program)|keyword|Active|TERESAH
JGAAP (java graphical authorship attribution program)|url|http://evllabs.com/?page_id=42|TERESAH
JGAAP (java graphical authorship attribution program)|description|JGAAP is software designed for textual analysis, text categorization, and authorship attribution|BambooDirt
JGAAP (java graphical authorship attribution program)|keyword|stylometry|TERESAH
JGAAP (java graphical authorship attribution program)|application-category|4_Analysis|TERESAH
JGAAP (java graphical authorship attribution program)|operating-system|Web|TERESAH
KORA|application-category|1_Capture|TERESAH
KORA|keyword|HASTAC|TERESAH
KORA|url|http://kora.sourceforge.net/|TERESAH
KORA|description|KORA is an digital repository that allows institutions to ingest, manage, and deliver digital objects and metadata.|BambooDirt
KORA|operating-system|Web|TERESAH
Lexipedia|url|http://www.lexipedia.com/|TERESAH
Lexipedia|description|Lexipedia is a metadictionary displaying a semantic map of parts of speech related to the word of inquiry.|BambooDirt
Lexipedia|creator|Vantage Linguistics|TERESAH
Lexipedia|operating-system|Web|TERESAH
Lexipedia|is-used-for|Pattern Recognition > Analysis-Relational Analysis|TERESAH
Lexipedia|keyword|visual search|TERESAH
Lexomics|keyword|Active|TERESAH
Lexomics|url|http://wheatoncollege.edu/lexomics/|TERESAH
Lexomics|creator|Mark LeBlanc|TERESAH
Lexomics|application-category|4_Analysis|TERESAH
Lexomics|description|"The term ""lexomics"" was originally coined to describe the computer-assisted detection of ""words"" (short sequences of bases) in genomes. When applied to literature as we do here, lexomics is the analysis of the frequency, distribution, and arrangement of words in large-scale patterns. The current suite of lexomics tools are:
scrubber -- strips tags, removes stop words, applies lemma lists, and prepares texts for diviText
diviText -- cuts texts into chunks in one of three ways, count words, exports the results
treeView -- builds dendrograms and saves the output as .pdf or xml in phyloXML format
The Lexomics web site site contains extensive documentation and video tutorials.
Note: Most of the functionality of the three Lexomics tools has now been combined into an integrated workflow called Lexos."|BambooDirt
Lexomics|operating-system|Web|TERESAH
Lexos|keyword|Active|TERESAH
Lexos|url|http://lexos.wheatoncollege.edu/|TERESAH
Lexos|description|"Lexos is an online tool that enables you to ""scrub"" (clean) your text(s), cut a text(s) into various size chunks, manage chunks and chunk sets, and choose from a suite of analysis tools for investigating those texts. Functionality includes building dendrograms, making graphs of rolling averages of word frequencies or ratios of words or letters, and playing with visualizations of word frequencies including word clouds and bubble visualizations. To facilitate subsequent text mining analyses beyond the scope of this site, users can also transpose and download their matricies of word counts or relative proportions as comma- or tab-separated files (.csv, .tsv).
Lexos is part of the Lexomics Project (http://wheatoncollege.edu/lexomics/) and partially replaces the earlier Lexomics tools. See the Bamboo DiRT entry from Lexomics."|BambooDirt
Lexos|creator|Mark LeBlanc|TERESAH
Lexos|license|open source|TERESAH
Lexos|application-category|Visualization|TERESAH
Lexos|keyword|visualization|TERESAH
Mahout|keyword|Active development|TERESAH
Mahout|keyword|Advanced|TERESAH
Mahout|description|Apache Mahout is a highly optimised library of machine learning and data mining algorithms, built for scalability. Use cases include Recommendation mining, Clustering, Classification and Frequent itemset mining.|HistoryOnline
Mahout|keyword|Offline|TERESAH
Mahout|keyword|Single purpose|TERESAH
Mahout|application-category|4_Analysis|TERESAH
Mahout|url|https://mahout.apache.org/|TERESAH
MALLET|creator|Andrew McCallum|TERESAH
MALLET|license|CPL|TERESAH
MALLET|url|http://mallet.cs.umass.edu/index.php|TERESAH
MALLET|keyword|machine learning|TERESAH
MALLET|description|MALLET is a Java-based package for statistical natural language processing, document classification, clustering, topic modeling, information extraction, and other machine learning applications to text.|BambooDirt
MALLET|application-category|4_Analysis|TERESAH
MALLET package for R|keyword|Active|TERESAH
MALLET package for R|creator|David Mimno|TERESAH
MALLET package for R|url|http://cran.r-project.org/web/packages/mallet/|TERESAH
MALLET package for R|operating-system|Linux|TERESAH
MALLET package for R|license|MIT License|TERESAH
MALLET package for R|keyword|R|TERESAH
MALLET package for R|application-category|4_Analysis|TERESAH
MALLET package for R|description|This package allows users to train topic models in MALLET and load results directly into R.|BambooDirt
Map Warper|description|An open source map warping, geo rectifying service, written in Ruby and Rails.|BambooDirt
Map Warper|url|http://mapwarper.net/|TERESAH
Map Warper|is-used-for|Mapping|TERESAH
Map Warper|creator|Tim Waters|TERESAH
Map Warper|operating-system|Web|TERESAH
Mediathread|keyword|Active|TERESAH
Mediathread|creator|Columbia Center for New Media Teaching and Learning (CCNMTL)|TERESAH
Mediathread|license|GNU GPL|TERESAH
Mediathread|url|http://mediathread.ccnmtl.columbia.edu|TERESAH
Mediathread|description|Mediathread is an open-source platform for exploration, analysis, and organization of web-based multimedia content. It interoperates with a variety of image and video collections (such as YouTube, Flickr, library databases, and course libraries), enabling users to lift items out of these collections and into a scholarly analysis environment.  In Mediathread, items can then be clipped, annotated, organized, and embedded into compositions and other written analysis.|BambooDirt
Mediathread|operating-system|Web|TERESAH
Mediathread|application-category|Recording|TERESAH
Meld|keyword|Active|TERESAH
Meld|license|GNU GPL v2|TERESAH
Meld|url|http://meldmerge.org/|TERESAH
Meld|creator|Kai Willadsen|TERESAH
Meld|operating-system|Linux|TERESAH
Meld|description|Meld is a visual diff and merge tool targeted at developers. Meld helps you compare files, directories, and version controlled projects. It provides two- and three-way comparison of both files and directories, and has support for many popular version control systems.|BambooDirt
Meld|keyword|text analysis|TERESAH
Meld|application-category|Visualization|TERESAH
Mendeley|application-category|Organizing|TERESAH
Mendeley|url|http://www.mendeley.com/|TERESAH
Mendeley|operating-system|Linux|TERESAH
Mendeley|description|Mendeley is a reference management tool that allows you to generate bibliographies, find and import papers of interest, access your papers from anywhere online, and collaborate with other researchers online. Mendeley has developed an iPhone app as well, that allows you to read your papers on your phone.|BambooDirt
Mendeley|creator|Mendeley Ltd.|TERESAH
Mendeley|keyword|reference management software|TERESAH
MMax2|keyword|analysis|TERESAH
MMax2|keyword|annotation|TERESAH
MMax2|license|Apache|TERESAH
MMax2|creator|Christoph Muller|TERESAH
MMax2|keyword|Corpus annotation|TERESAH
MMax2|keyword|corpus linguistics|TERESAH
MMax2|operating-system|Cross-platform|TERESAH
MMax2|url|http://mmax2.net|TERESAH
MMax2|keyword|Java|TERESAH
MMax2|description|MMax2 is a text annotation tool for creating and visualizing annotations. It has advanced and customizable methods for information and relation visualization.|ArtsHumanities
MMax2|description|"MMax2 is a text annotation tool for creating and visualizing annotations. It has advanced and customizable methods for information and relation visualization.
Features:
Determination of the word class / part of speech (POS) for words in a text
Determination of word senses, including the disambiguation of homonymous and polysemous words
Detection of anaphoric expressions and identification of their antecedents"|BambooDirt
MMax2|keyword|structuring|TERESAH
MMax2|keyword|Text encoding - descriptive|TERESAH
MMax2|keyword|Text encoding - referential|TERESAH
MMax2|keyword|Text recognition|TERESAH
MMax2|keyword|Texture design and mapping|TERESAH
MMax2|application-category|Visualization|TERESAH
MMax2|standard|XML|TERESAH
Morphadorner|url|http://morphadorner.northwestern.edu/|TERESAH
Morphadorner|operating-system|Linux|TERESAH
Morphadorner|description|MorphAdorner is a Java command-line program which acts as a pipeline manager for processes performing morphological adornment of words in a text. Currently MorphAdorner provides methods for adorning text with standard spellings, parts of speech and lemmata. MorphAdorner also provides facilities for tokenizing text, recognizing sentence boundaries, and extracting names and places.|BambooDirt
Morphadorner|license|NCSA|TERESAH
Morphadorner|creator|Northwestern University|TERESAH
Morphadorner|application-category|4_Analysis|TERESAH
Morphadorner|keyword|tokenizing|TERESAH
MuseScore|keyword|Active|TERESAH
MuseScore|description|"Free and open source music notation program. From website:
MuseScore runs on Windows, MacOS, and Linux, and is available in over 40 different languages.
    - Create sheet music with WYSIWYG editor
    - Listen to your score with computer playback
    - Share & print your score
    - Work the way you like
    - Get help
MuseScore can import and export MIDI and MusicXML files, and it can also import from Capella and several other programs. MuseScore can export to PDF, PNG, and other graphic formats, to WAV and other audio formats, or to LilyPond for an alternative layout and print option.
MuseScore can upload scores directly to the score sharing site musescore.com. Program support is provided on musescore.org."|BambooDirt
MuseScore|url|http://musescore.org/en|TERESAH
MuseScore|operating-system|Linux|TERESAH
MuseScore|license|MuseScore is a GNU GPL licensed open-source program|TERESAH
MuseScore|creator|musescore.org|TERESAH
MuseScore|keyword|music notation|TERESAH
Music Encoding Initiative (MEI)|keyword|Active|TERESAH
Music Encoding Initiative (MEI)|description|"From the web site:
""The Music Encoding Initiative (MEI) is a community-driven effort to create a commonly-accepted, digital, symbolic representation of music notation documents. We strive to establish the design principles and the technological and representational requirements that will enable the discipline of musicology to take full advantage of digital technologies. We are working to provide guidelines and tools that can be widely used by libraries, museums, and individual scholars to encode musical scores for research, teaching, and preservation activities.""
Tutorials are provided on the site: http://music-encoding.org/support/MEI1st
Info on MEI-L listserv is available: http://music-encoding.org/support/mailingList"|BambooDirt
Music Encoding Initiative (MEI)|url|http://music-encoding.org/home|TERESAH
Music Encoding Initiative (MEI)|license|open source|TERESAH
Music Encoding Initiative (MEI)|keyword|XML|TERESAH
music21|keyword|Active|TERESAH
music21|description|"From the web site:
music21: A toolkit for computer-aided musicology
""Music21 is a set of tools for helping scholars and other active listeners answer questions about music quickly and simply. If you’ve ever asked yourself a question like, “I wonder how often Bach does that” or “I wish I knew which band was the first to use these chords in this order,” or “I’ll bet we’d know more about Renaissance counterpoint (or Indian ragas or post-tonal pitch structures or the form of minuets) if I could write a program to automatically write more of them,” then music21 can help you with your work.""
Web site includes links to documentation and authors, tutorials, FAQs, and mailing list."|BambooDirt
music21|url|http://mit.edu/music21/|TERESAH
music21|keyword|music analysis|TERESAH
music21|license|open source|TERESAH
music21|keyword|Python http://www.python.org/|TERESAH
myHistro|keyword|Active|TERESAH
myHistro|keyword|Cartography|TERESAH
myHistro|url|http://www.myhistro.com|TERESAH
myHistro|operating-system|iOS|TERESAH
myHistro|creator|myHistro|TERESAH
myHistro|description|Using myHistro, you can combine maps and timelines seamlessly into one great presentation, convert any public timeline into a personal pdf file, or export it into Google Earth format for offline storage. All completed timelines can be embedded into your blog and websites for maximum exposure.|BambooDirt
myHistro|application-category|Visualization|TERESAH
Natural Language Toolkit|keyword|Active|TERESAH
Natural Language Toolkit|keyword|corpus linguistics|TERESAH
Natural Language Toolkit|license|Creative Commons Attribution-Noncommercial-No derivatives|TERESAH
Natural Language Toolkit|url|http://nltk.org/|TERESAH
Natural Language Toolkit|application-category|4_Analysis|TERESAH
Natural Language Toolkit|operating-system|Linux|TERESAH
Natural Language Toolkit|description|The National Language Toolkit (NLTK) is a set of open source Python modules, linguistic data and documentation for research and development in natural language processing and text analytics.|BambooDirt
Neatline|url|http://neatline.org/|TERESAH
Neatline|description|Neatline is a tool for the creation of interlinked timelines and maps as interpretive expressions of the literary or historical content of archival collections.|BambooDirt
Neatline|creator|University of Virginia Scholars' Lab|TERESAH
Neatline|application-category|Visualization|TERESAH
Nomenklatura|keyword|Active|TERESAH
Nomenklatura|keyword|curation|TERESAH
Nomenklatura|url|http://nomenklatura.okfnlabs.org/|TERESAH
Nomenklatura|description|"Nomenklatura is a service that allows users to define and manage manage lists of canonical entities (e.g. person or organization names) and aliases that connect to one of the canonical entities. It includes a user interface, an API, and a reconciliation endpoint for OpenRefine for matching data from data sets with the canonical entries.
By submitting data to Nomenklatura, users agree to license it under the terms of the Open Database License."|BambooDirt
Nomenklatura|license|Open Data Commons Open Database License|TERESAH
Nomenklatura|creator|Open Knowledge Foundation|TERESAH
Nomenklatura|keyword|OpenRefine|TERESAH
Nomenklatura|application-category|4_Analysis|TERESAH
Nomenklatura|operating-system|Web|TERESAH
Nominatim|application-category|Conversion|TERESAH
Nominatim|keyword|data pipeline|TERESAH
Nominatim|url|http://wiki.openstreetmap.org/wiki/Nominatim|TERESAH
Nominatim|description|Nominatim is a tool to search osm data by name and address and to generate synthetic addresses of osm points (reverse geocoding). Nominatim is also used as one of the sources for the Search box on the OpenStreetMap home page and powers the search on the MapQuest Open Initiative websites.|BambooDirt
Nominatim|creator|Open Street Map|TERESAH
Nominatim|operating-system|Web|TERESAH
Open GRASS|keyword|Active|TERESAH
Open GRASS|keyword|Cartography|TERESAH
Open GRASS|description|Commonly referred to as GRASS, this is free Geographic Information System (GIS) software used for geospatial data management and analysis, image processing, graphics/maps production, spatial modeling, and visualization. GRASS is currently used in academic and commercial settings around the world, as well as by many governmental agencies and environmental consulting companies. GRASS is an official project of the Open Source Geospatial Foundation.|BambooDirt
Open GRASS|license|GNU GPL|TERESAH
Open GRASS|url|http://grass.osgeo.org/|TERESAH
Open GRASS|operating-system|Linux|TERESAH
Open GRASS|creator|OSGeo|TERESAH
Open GRASS|application-category|Visualization|TERESAH
Open Harvester Systems|application-category|1_Capture|TERESAH
Open Harvester Systems|url|http://pkp.sfu.ca/ohs|TERESAH
Open Harvester Systems|standard|MARCXML|TERESAH
Open Harvester Systems|creator|Public Knowledge Project|TERESAH
Open Harvester Systems|description|The Open Harvester Systems is a free metadata indexing system that allowers users to create a searchable index of the metadata from Open Archives Initiative (OAI)-compliant archives, such as sites using Open Journal Systems (OJS) or Open Conference Systems (OCS). It can harvest OAI metadata in a variety of schemas (including unqualified DC, the PKP (Open Journal Systems/Open Conference Systems) Dublin Core extension, MODS, and MARCXML).|BambooDirt
Open Harvester Systems|operating-system|Web|TERESAH
OpenCalais|keyword|Active development|TERESAH
OpenCalais|keyword|Intermediate|TERESAH
OpenCalais|keyword|Multifunctional|TERESAH
OpenCalais|keyword|Online|TERESAH
OpenCalais|description|OpenCalais is a service that provides automated metadata for public content submitted. Using natural language processing (NLP), Calais is able to analyse unstructured documents and extract the named entities, facts, and events within it as tags. These 'tags' are then made available to you and can be incorporated into other applications. Use is free up to a maximum number of transactions per day, although this threshhold appears to be negotiable for academic users.|HistoryOnline
OpenCalais|application-category|Editing|TERESAH
OpenCalais|application-category|Annotating|TERESAH
OpenCalais|application-category|4_Analysis|TERESAH
OpenCalais|url|http://www.opencalais.com/|TERESAH
OpenRefine|keyword|Active|TERESAH
OpenRefine|license|BSD|TERESAH
OpenRefine|keyword|data conversion|TERESAH
OpenRefine|url|http://openrefine.org/|TERESAH
OpenRefine|operating-system|Linux|TERESAH
OpenRefine|description|OpenRefine (formerly Google Refine) is a tool for cleaning messy data (e.g. fixing inconsistencies), transforming it between different formats, and exploring data.|BambooDirt
OpenRefine|application-category|Visualization|TERESAH
Orange|url|http://orange.biolab.si/|TERESAH
Orange|description|Open source data visualization and analysis for novice and experts. Data mining through visual programming or Python scripting. Components for machine learning. Add-ons for bioinformatics and text mining. Packed with features for data analytics.|BambooDirt
Orange|operating-system|Web|TERESAH
Orange|application-category|Visualization|TERESAH
Pattern|license|BSD|TERESAH
Pattern|creator|CLiPS|TERESAH
Pattern|url|https://www.clips.uantwerpen.be/pages/pattern|TERESAH
Pattern|operating-system|Linux|TERESAH
Pattern|description|Pattern is a Python web mining module with tools for data retrieval (Google + Twitter + Wikipedia API, web spider, HTML DOM parser), text analysis (rule-based shallow parser, WordNet interface, syntactical + semantical n-gram search algorithm, tf-idf + cosine similarity + LSA metrics) and data visualization (graph networks).|BambooDirt
Pattern|keyword|Python|TERESAH
Pattern|keyword|web crawler|TERESAH
Pattern|application-category|Visualization|TERESAH
Praat|description|A software application that may be used to analyse, synthesise, and manipulate speech in phonetics, and create visual representations of the audio recording.|ArtsHumanities
Praat|keyword|AIFC|TERESAH
Praat|keyword|AIFF|TERESAH
Praat|keyword|analysis|TERESAH
Praat|operating-system|Cross-platform|TERESAH
Praat|standard|EPS|TERESAH
Praat|standard|FLAC|TERESAH
Praat|license|GNU GPL|TERESAH
Praat|url|http://fonsg3.hum.uva.nl/praat/|TERESAH
Praat|application-category|4_Analysis|TERESAH
Praat|operating-system|Linux|TERESAH
Praat|keyword|Lisp|TERESAH
Praat|standard|MPEG-1 Audio Layer 3 (MP3)|TERESAH
Praat|keyword|Music recognition|TERESAH
Praat|keyword|NeXT/Sun|TERESAH
Praat|keyword|NIST|TERESAH
Praat|creator|Paul Boersma and David Weenink|TERESAH
Praat|keyword|phonetics|TERESAH
Praat|description|Praat is software for the phonetic analysis of speech, including support for articulatory and speech synthesis.|BambooDirt
Praat|keyword|Sound editing|TERESAH
Praat|keyword|Speech analysis|TERESAH
Praat|keyword|Speech recognition|TERESAH
Praat|keyword|speech synthesis|TERESAH
Praat|keyword|WAV|TERESAH
Processing|keyword|data analysis|TERESAH
Processing|url|http://processing.org/|TERESAH
Processing|description|Processing is an open source programming language and environment for people who want to create images, animations, and interactions. Initially developed to serve as a software sketchbook and to teach fundamentals of computer programming within a visual context, Processing also has evolved into a tool for generating finished professional work. Today, there are tens of thousands of students, artists, designers, researchers, and hobbyists who use Processing for learning, prototyping, and production.|BambooDirt
Processing|operating-system|Web|TERESAH
Processing|application-category|Visualization|TERESAH
Protege|description|"""Protege is a free, open source ontology editor and knowledge-base framework
The Protege platform supports two main ways of modeling ontologies via the Protege-Frames and Protege-OWL editors. Protege ontologies can be exported into a variety of formats including RDF(S), OWL, and XML Schema."" -- Protege Home Page (viewed 30 October 2012)"|BambooDirt
Protege|keyword|Active|TERESAH
Protege|keyword|Active development|TERESAH
Protege|keyword|Both|TERESAH
Protege|url|http://protege.stanford.edu/|TERESAH
Protege|keyword|Intermediate|TERESAH
Protege|is-used-for|Linked open data > Enrichment-Annotation; Dissemination-Publishing|TERESAH
Protege|license|Mozilla Public License V. 1.1|TERESAH
Protege|description|Protege is an open-source ontology editor, allowing users to construct and edit their own ontology for the semantic web, giving the opportunity to link this new ontology more effectively with others that are available online. Additionally the site offers downloads of existing OWL (Web Ontology Language) ontologies. A beta version of a web editor is available, but the downloaded versions have more functionality. Training and consulation are also available for a fee.|HistoryOnline
Protege|keyword|Single purpose|TERESAH
Protege|creator|Stanford Center for Biomedical Informatics Research|TERESAH
Protege|application-category|Gathering|TERESAH
Protege|application-category|Organizing|TERESAH
Protege|keyword|thesauri|TERESAH
Proxemie|description|A French-developed Java application that displays the lexical relations of a word in a 3D environment.|BambooDirt
Proxemie|creator|Centre National de Ressources Textuelles et Lexicales (CNRTL)|TERESAH
Proxemie|url|http://www.cnrtl.fr/proxemie/|TERESAH
Proxemie|operating-system|Web|TERESAH
Proxemie|keyword|visual search|TERESAH
Quadrigram|keyword|Active|TERESAH
Quadrigram|creator|Bestiario|TERESAH
Quadrigram|keyword|data analysis|TERESAH
Quadrigram|url|http://www.quadrigram.com/|TERESAH
Quadrigram|keyword|Paid|TERESAH
Quadrigram|description|"Quadrigram describes itself as a ""visual programming environment"" for living data. It is primarily a tool for data visualization that allows the user to create custom, interactive visualizations of a range of different types of data."|BambooDirt
Quadrigram|operating-system|Web|TERESAH
Quadrigram|application-category|Visualization|TERESAH
Quantum GIS|keyword|Active|TERESAH
Quantum GIS|operating-system|Android|TERESAH
Quantum GIS|keyword|Cartography|TERESAH
Quantum GIS|license|GNU GPL|TERESAH
Quantum GIS|url|http://www.qgis.org/|TERESAH
Quantum GIS|creator|OSGeo|TERESAH
Quantum GIS|description|Quantum GIS (QGIS) is a user friendly Open Source Geographic Information System (GIS) licensed under the GNU General Public License. QGIS is an official project of the Open Source Geospatial Foundation (OSGeo). It runs on Linux, Unix, Mac OSX, Windows and Android and supports numerous vector, raster, and database formats and functionalities.|BambooDirt
Quantum GIS|application-category|Visualization|TERESAH
Rwui|application-category|2_Creation|TERESAH
Rwui|url|http://sysbio.mrc-bsu.cam.ac.uk/Rwui/|TERESAH
Rwui|keyword|R|TERESAH
Rwui|description|Rwui allows you to convert an R script to a web page with an interface where users can run the script(s) even if they don't know R.|BambooDirt
Rwui|keyword|statistics|TERESAH
Rwui|operating-system|Web|TERESAH
Sample size calculator|keyword|analysis|TERESAH
Sample size calculator|application-category|4_Analysis|TERESAH
Sample size calculator|url|http://www.macorr.com/sample-size-calculator.htm|TERESAH
Sample size calculator|description|The Sample Size Calculator is simple online tool for calculating sample size according to different variables.|BambooDirt
Sample size calculator|operating-system|Web|TERESAH
SARIT|operating-system|Android|TERESAH
SARIT|license|Creative Commons Attribution-Share Alike|TERESAH
SARIT|creator|Dominik Wujastyk|TERESAH
SARIT|description|"General description:
SARIT, ""Search and Retrieval of Indic Texts"", is a Sanskrit word meaning a river, and is commonly used in literary metaphors about short stories (rivers) combining into larger chronicles (oceans), etc. The SARIT project is building a digital library of Sanskrit and other Indian language etexts. The inspiration for the project comes directly from the Thesaurus Linguae Graecae and the Perseus Project. SARIT provides Indologists with machine readable texts and digital instruments for philological research.
SARIT displays Indological texts marked up according to Text Encoding Initiative (TEI) guidelines. It uses a modified version of PhiloLogic™, a platform developed by the ARTFL Project and Digital Library Development Center at the University of Chicago. PhiloLogic™ is widely deployed in the digital humanities as a full-text search, retrieval and analysis tool for large TEI document collections. Notable installations include Perseus Project Texts Loaded under PhiloLogic™ and the Digital Dictionaries of South Asia.
Copyright information: Copyright © 2008 Dominik WUJASTYK. All rights reserved.  eTexts under the CC A-SA licence.
Financial Support: The British Association for South Asian Studies
Contact:
Dr Dominik Wujastyk
Email: wujastyk@gmail.com"|BambooDirt
SARIT|url|http://sarit.indology.info|TERESAH
SARIT|keyword|indology|TERESAH
SARIT|keyword|Linux|TERESAH
SARIT|application-category|Gathering|TERESAH
SARIT|application-category|Organizing|TERESAH
SAXON|url|https://www.saxonica.com|TERESAH
SAXON|keyword|Coding and standardisation|TERESAH
SAXON|license|commercial|TERESAH
SAXON|keyword|creation|TERESAH
SAXON|operating-system|Cross-platform|TERESAH
SAXON|keyword|Java Document Object Model (JDOM)|TERESAH
SAXON|keyword|JDOM|TERESAH
SAXON|creator|Michael Kay|TERESAH
SAXON|license|Mozilla Public License|TERESAH
SAXON|description|Saxon is a collection of tools for processing XML. It is available in three variations: (1) Saxon-HE (Home Edition), (2) Saxon-PE (Professional Edition) and (3) Saxon-EE (Enterprise Edition). Saxon-HE, published under the Mozilla Public Licence, offers implementations of XSLT 2.0, XQuery 1.0, and XPath 2.0 at the basic level of conformance defined by W3C. The commercial variations (Saxon-PE and EE) offer additional support for XQuery 1.1, JDOM, XOM, DOM4J, as well as other features.|ArtsHumanities
SAXON|keyword|structuring|TERESAH
SAXON|keyword|Use of existing digital data|TERESAH
SAXON|operating-system|Windows|TERESAH
SAXON|keyword|XML Object Model (XOM)|TERESAH
SAXON|keyword|XML Path Language (XPath)|TERESAH
SAXON|keyword|XOM|TERESAH
SAXON|keyword|XPath|TERESAH
SAXON|keyword|XQuery|TERESAH
SAXON|standard|XSLT|TERESAH
Scholarometer|keyword|Chrome|TERESAH
Scholarometer|url|http://scholarometer.indiana.edu/|TERESAH
Scholarometer|keyword|impact|TERESAH
Scholarometer|operating-system|Linux|TERESAH
Scholarometer|description|Scholarometer is a browser plugin for Firefox and Chrome that can help contribute to citation and impact analysis.|BambooDirt
Scholarometer|is-used-for|Searching|TERESAH
Sci2 Tool|keyword|Active|TERESAH
Sci2 Tool|creator|Cyberinfrastructure for Network Science Centre|TERESAH
Sci2 Tool|url|https://sci2.cns.iu.edu/|TERESAH
Sci2 Tool|operating-system|Linux|TERESAH
Sci2 Tool|keyword|temporal|TERESAH
Sci2 Tool|description|"The Science of Science (Sci2) Tool is a modular toolset supporting temporal, geospatial, topical, and network analysis and visualization of datasets at the micro (individual), meso (local), and macro (global) levels. Users of the tool can:

* Access science datasets online or load their own.
* Perform different types of analysis with the most effective algorithms available.
* Use different visualizations to interactively explore and understand specific datasets.
* Share datasets and algorithms across scientific boundaries."|BambooDirt
Sci2 Tool|application-category|Visualization|TERESAH
SEASR|url|http://seasr.org/|TERESAH
SEASR|operating-system|Linux|TERESAH
SEASR|creator|NCSA|TERESAH
SEASR|description|SEASR provides an environment for developing data flows that ingest data, process it through a series of transformations and analytics, and send the data to a results viewer.|BambooDirt
SEASR|keyword|textual studies|TERESAH
SEASR|application-category|2_Creation|TERESAH
SepiaTown|keyword|Active|TERESAH
SepiaTown|url|http://sepiatown.com/|TERESAH
SepiaTown|description|SepiaTown is a cultural history project whose goal is to provide both a window to the past by merging photography, geography, and technology, as well as a forum for institutions and individuals to share and map historical images.|BambooDirt
SepiaTown|operating-system|Web|TERESAH
SepiaTown|application-category|Visualization|TERESAH
Sigil|description|A WYSIWYG open-source XML-based ePub editor for creating e-books.|BambooDirt
Sigil|keyword|Active|TERESAH
Sigil|creator|Dave Heiland|TERESAH
Sigil|keyword|ebook publishing|TERESAH
Sigil|license|GNU GPL v3|TERESAH
Sigil|url|http://code.google.com/p/sigil/|TERESAH
Sigil|operating-system|Linux|TERESAH
Sigil|application-category|Writing|TERESAH
Slideshare|url|http://www.slideshare.net/|TERESAH
Slideshare|keyword|information sharing|TERESAH
Slideshare|application-category|Collaboration|TERESAH
Slideshare|application-category|Communicating|TERESAH
Slideshare|creator|SlideShare Inc.|TERESAH
Slideshare|description|SlideShare is a community for sharing presentations. You can use this free online service to share slides from a talk, share lesson plans, or disseminate information.|BambooDirt
Slideshare|operating-system|Web|TERESAH
Social Science Research Network|keyword|collaboration|TERESAH
Social Science Research Network|url|http://www.ssrn.com/|TERESAH
Social Science Research Network|application-category|Collaboration|TERESAH
Social Science Research Network|application-category|Communicating|TERESAH
Social Science Research Network|creator|Social Science Electronic Publishing Inc.|TERESAH
Social Science Research Network|description|Social Science Research Network is devoted to the dissemination of social science research. The SSRN electronic library consists of an Abstract Database containing abstracts on over 384,300 scholarly papers.|BambooDirt
Social Science Research Network|operating-system|Web|TERESAH
SoSOL (Son of SOL)|standard|EpiDoc|TERESAH
SoSOL (Son of SOL)|keyword|epigraphy|TERESAH
SoSOL (Son of SOL)|license|GNU GPL|TERESAH
SoSOL (Son of SOL)|operating-system|Linux|TERESAH
SoSOL (Son of SOL)|operating-system|osX|TERESAH
SoSOL (Son of SOL)|keyword|Papyrology|TERESAH
SoSOL (Son of SOL)|application-category|Publishing|TERESAH
SoSOL (Son of SOL)|creator|Ryan Baumann, Jon Fox, Charles Carpenter|TERESAH
SoSOL (Son of SOL)|keyword|structuring|TERESAH
SoSOL (Son of SOL)|standard|TEI|TERESAH
SoSOL (Son of SOL)|standard|TEI XML|TERESAH
SoSOL (Son of SOL)|keyword|text encoding|TERESAH
SoSOL (Son of SOL)|keyword|Text encoding - descriptive|TERESAH
SoSOL (Son of SOL)|keyword|Text encoding - presentational|TERESAH
SoSOL (Son of SOL)|keyword|Text encoding - referential|TERESAH
SoSOL (Son of SOL)|description|Tool under construction at the University of Kentucky as part of the IDP second phase. It is an editing tool which aims to make the task of creating EpiDoc-conformant XML editions of epigraphic and papyrological texts manageable to users without needing to edit the raw XML. As such it will include conversions tools such as CHET-C, as well as a tags-free editing environment and template handler.|ArtsHumanities
SoSOL (Son of SOL)|operating-system|Windows|TERESAH
SoSOL (Son of SOL)|standard|XML|TERESAH
SoSOL (Son of SOL)|url|http://wiki.digitalclassicist.org/SoSOL|TERESAH
SPITBOL|keyword|analysis|TERESAH
SPITBOL|keyword|assembly-language|TERESAH
SPITBOL|operating-system|Cross-platform|TERESAH
SPITBOL|license|MIT|TERESAH
SPITBOL|creator|Robert Dewar and Ken Belcher|TERESAH
SPITBOL|keyword|snobol4|TERESAH
SPITBOL|keyword|spitbol|TERESAH
SPITBOL|description|SPITBOL (Speedy Implementation of SNOBOL) is a compiled implementation of the SNOBOL4 (String Oriented Symbolic Language) programming language. SNOBOL was one of several character-string oriented languages developed during the 1950s and 1960s. The tool is widely regarded as the most efficient method of executing SNOBOL4 programs, due to the use of a garbage collector to manage memory usage and a compile time decision-making system.|ArtsHumanities
SPITBOL|keyword|String Oriented Symbolic Language (SNOBOL)|TERESAH
SPITBOL|keyword|string-processing|TERESAH
SPITBOL|url|https://github.com/spitbol/spitbol|TERESAH
Stanford POS Tagger|license|GNU GPL|TERESAH
Stanford POS Tagger|url|http://nlp.stanford.edu/software/tagger.shtml|TERESAH
Stanford POS Tagger|application-category|4_Analysis|TERESAH
Stanford POS Tagger|creator|Stanford University|TERESAH
Stanford POS Tagger|description|The Stanford Part-of-Speech Tagger includes English, Arabic, Chinese, and German tagger modules.|BambooDirt
Stanford POS Tagger|keyword|tsv|TERESAH
Statistical Lab|keyword|analysis|TERESAH
Statistical Lab|application-category|4_Analysis|TERESAH
Statistical Lab|url|http://www.statistiklabor.de/en/|TERESAH
Statistical Lab|keyword|R|TERESAH
Statistical Lab|description|Statistical Lab is a graphical user interface for R designed to make statistical analysis easier to understand.|BambooDirt
Statistical Lab|operating-system|Windows|TERESAH
Tabula|keyword|Active|TERESAH
Tabula|application-category|Conversion|TERESAH
Tabula|url|https://github.com/jazzido/tabula|TERESAH
Tabula|creator|Manuel Aristarán|TERESAH
Tabula|license|MIT License|TERESAH
Tabula|description|Tabula lets you upload a (text-based) PDF file into a simple web interface and magically pull tabular data into CSV format.|BambooDirt
Tabula|operating-system|Web|TERESAH
TEI Boilerplate|license|Creative Commons Attribution|TERESAH
TEI Boilerplate|keyword|Firefox, Chrome, Safari, and Internet Explorer 9|TERESAH
TEI Boilerplate|url|http://dcl.slis.indiana.edu/teibp/|TERESAH
TEI Boilerplate|creator|Indiana University|TERESAH
TEI Boilerplate|operating-system|Linux|TERESAH
TEI Boilerplate|description|TEI Boilerplate is a lightweight solution for publishing styled TEI (Text Encoding Initiative) P5 content directly in modern browsers. With TEI Boilerplate, TEI XML files can be served directly to the web without server-side processing or translation to HTML.|BambooDirt
TEI Boilerplate|application-category|Writing|TERESAH
TemaTres Controlled Vocabulary Server|description|"""TemaTres is an open source vocabulary server, web application to manage and exploit vocabularies, thesauri, taxonomies and formal representations of knowledge."" -- TemaTres home page (viewed 30 October 2012)"|BambooDirt
TemaTres Controlled Vocabulary Server|keyword|Active|TERESAH
TemaTres Controlled Vocabulary Server|license|GNU GPL|TERESAH
TemaTres Controlled Vocabulary Server|url|http://www.vocabularyserver.com/|TERESAH
TemaTres Controlled Vocabulary Server|operating-system|Linux|TERESAH
TemaTres Controlled Vocabulary Server|application-category|Gathering|TERESAH
TemaTres Controlled Vocabulary Server|application-category|Organizing|TERESAH
TemaTres Controlled Vocabulary Server|keyword|vocabularies|TERESAH
Tesseract|keyword|Active|TERESAH
Tesseract|license|Apache License|TERESAH
Tesseract|description|"Combined with the Leptonica Image Processing Library Tesseract can read a wide variety of image formats and convert them to text in over 40 languages.
This code is a raw OCR engine. It has no output formatting and no UI. It can detect fixed pitch vs proportional text. Nevertheless in 1995 this engine was in the top 3 in terms of character accuracy, and it compiles and runs on both Linux and Windows. Training code is included in the open source release.
The core developer on the project is Ray Smith (theraysmith).
Thomas Breuel (tmbdev) and Ilya Mezhirov (mezhirov) work on the OCRopus project, for which Tesseract is one of the pluggable OCR engines; OCRopus also provides layout analysis and statistical language modeling.
Most of the work on Tesseract is sponsored by Google."|BambooDirt
Tesseract|creator|Google|TERESAH
Tesseract|url|http://code.google.com/p/tesseract-ocr/|TERESAH
Tesseract|operating-system|Linux|TERESAH
Tesseract|keyword|optical character recognition|TERESAH
Tesseract|application-category|Transcription|TERESAH
Text Variation Explorer|keyword|Beta|TERESAH
Text Variation Explorer|url|http://www.uta.fi/sis/tauchi/virg/projects/dammoc/tve.html|TERESAH
Text Variation Explorer|operating-system|osX|TERESAH
Text Variation Explorer|keyword|text analysis|TERESAH
Text Variation Explorer|application-category|Gathering|TERESAH
Text Variation Explorer|application-category|Organizing|TERESAH
Text Variation Explorer|description|TVE is an interactive Java tool for exploring the effect of window size on three common linguistic measures: type-token ratio, proportion of hapax legomena, and average word length. In addition, TVE can cluster the text fragments according to a user-given set of words by applying principal component analysis (PCA).|BambooDirt
Text Variation Explorer|creator|University of Tampere|TERESAH
Textal|description|A free iOS app for text analysis. Textal allows you to analyze documents, tweet streams, and webpages. Create clickable text clouds based on the source data that you choose. It comes pre-loaded with a large number of public domain texts. Text clouds are easily shareable via various Twitter and email.|BambooDirt
Textal|keyword|Active|TERESAH
Textal|url|http://textal.org/|TERESAH
Textal|operating-system|iOS|TERESAH
Textal|application-category|4_Analysis|TERESAH
Textal|creator|UCL Centre for Digital Humanities|TERESAH
Textal|keyword|word cloud|TERESAH
TexTexture|keyword|Beta|TERESAH
TexTexture|url|http://textexture.com/|TERESAH
TexTexture|keyword|network analysis|TERESAH
TexTexture|creator|Nodus Labs|TERESAH
TexTexture|description|Textexture is a tool for visualizing any text as a network. The resulting graph can be used to get a quick visual summary of the text, read the most relevant excerpts (by clicking on the nodes), and find similar texts.|BambooDirt
TexTexture|operating-system|Web|TERESAH
TexTexture|application-category|Visualization|TERESAH
TextGrid|keyword|cloud storage|TERESAH
TextGrid|url|http://www.textgrid.de/en/|TERESAH
TextGrid|application-category|Gathering|TERESAH
TextGrid|application-category|Organizing|TERESAH
TextGrid|description|TextGrid is a virtual research environment (VRE) for the humanities, providing integrated access to specialized tools, services and content, and serving as a long-term archive for research data in the humanities.|BambooDirt
TextGrid|keyword|Active development|TERESAH
TextGrid|application-category|Collaboration|TERESAH
TextGrid|keyword|Intermediate|TERESAH
TextGrid|keyword|Multifunctional|TERESAH
TextGrid|keyword|Online|TERESAH
TextGrid|description|TextGrid is a virtual research environment consisting of a 'Repository' - an archive for research data, and a 'Laboratory' - the point of access to the VRE providing access to tools and services via user-friendly software. It allows Arts and Humanities researchers to work together and conduct projects in a secure environment sharing tools, data and methods.|HistoryOnline
The Field Linguist's Toolbox|url|https://software.sil.org/toolbox/|TERESAH
The Field Linguist's Toolbox|keyword|interlinear analysis|TERESAH
The Field Linguist's Toolbox|application-category|4_Analysis|TERESAH
The Field Linguist's Toolbox|license|SIL Language Freeware|TERESAH
The Field Linguist's Toolbox|description|The Field Linguist's Toolbox is Windows software for maintaining lexical data, and for parsing and interlinearizing text.|BambooDirt
The Field Linguist's Toolbox|operating-system|Windows|TERESAH
The Field Linguist's Toolbox|creator|SIL International|TERESAH
Tika|keyword|Active development|TERESAH
Tika|keyword|Advanced|TERESAH
Tika|keyword|Offline|TERESAH
Tika|keyword|Single purpose|TERESAH
Tika|application-category|4_Analysis|TERESAH
Tika|description|"Tika is a Java-based text extraction tool which is primarily aimed at handling data in unknown formats; it extracts metadata and structured content from unknown texts, and can also detect the language of the text. A feature of the tool is that it is designed to work with third-party parsers, so that developers can integrate Tika with parsers they are already familiar with."|HistoryOnline
Tika|url|https://tika.apache.org/|TERESAH
TILE (Text-Image Linking Environment)|url|http://mith.umd.edu/tile/|TERESAH
TILE (Text-Image Linking Environment)|research-object|Images|TERESAH
TILE (Text-Image Linking Environment)|creator|MITH|TERESAH
TILE (Text-Image Linking Environment)|keyword|scholarly edition|TERESAH
TILE (Text-Image Linking Environment)|description|The Text-Image Linking Environment (TILE) is a web-based tool for creating and editing image-based electronic editions and digital archives of humanities texts. It allows the user to import and export transcript lines and images of text, as well as mark up the image, and includes a semi-automated line recognizer.|BambooDirt
TILE (Text-Image Linking Environment)|operating-system|Web|TERESAH
TokenX|creator|Brian L. Pytlik Zillig|TERESAH
TokenX|url|http://tokenx.unl.edu|TERESAH
TokenX|keyword|KWiC|TERESAH
TokenX|application-category|4_Analysis|TERESAH
TokenX|description|TokenX is a web-based environment for visualizing, analyzing and playing with texts. Options include word clouds, highlighting words, keywords in context, replacing words with bocks, highlighting punctuation and non-words, counting words in context and decontextualized, and substituting words. A number of sample files are provided, or users can point TokenX to any XML file online.|BambooDirt
TokenX|operating-system|Web|TERESAH
Transcript|url|http://www.jacobboerema.nl/en/Freeware.htm|TERESAH
Transcript|creator|J.G. Boerema|TERESAH
Transcript|keyword|Paid|TERESAH
Transcript|description|Transcript is a desktop-based manuscript transcription tool that supports word-processor style formatting.|BambooDirt
Transcript|application-category|Transcription|TERESAH
Transcript|keyword|transcription|TERESAH
Transcript|operating-system|Windows|TERESAH
Transcript|operating-system|Windows 95+|TERESAH
TXM|keyword|Active|TERESAH
TXM|creator|ENS de Lyon|TERESAH
TXM|license|GNU GPL v3|TERESAH
TXM|url|https://sourceforge.net/projects/txm|TERESAH
TXM|description|TXM is a free and open-source cross-platform Unicode,  XML & TEI based text/corpus analysis environment and graphical client, supporting Windows, Linux and Mac OS X. It can also be used online as a J2EE standard compliant web portal (GWT based) with access control built in. It offers a comprehensive range of analysis tools (concordances, collocate search, frequency lists, etc.) based on the powerfull CQP full text search engine (http://cwb.sourceforge.net) and a range of statistical functions (factorial analysis, classification, cooccurrency analysis, etc.) based on R packages (http://www.r-project.org).|BambooDirt
TXM|operating-system|Web|TERESAH
TXM|keyword|web publishing|TERESAH
TXM|application-category|Visualization|TERESAH
UAM CorpusTool|keyword|Active|TERESAH
UAM CorpusTool|url|http://corpustool.com/|TERESAH
UAM CorpusTool|application-category|4_Analysis|TERESAH
UAM CorpusTool|operating-system|osX|TERESAH
UAM CorpusTool|keyword|stand-off|TERESAH
UAM CorpusTool|description|The UAM CorpusTool may be used for annotating a corpus as part of a linguistic study. The tool also allows to search for annotation forms and compare them to one another. It provides a graphical schema editor and saves annotations in a stand-off XML format.|BambooDirt
VassarStats|description|A website that explains statistical concepts and provides a web-based environment for performing those calculations.|BambooDirt
VassarStats|application-category|4_Analysis|TERESAH
VassarStats|url|http://vassarstats.net/|TERESAH
VassarStats|keyword|pedagogy|TERESAH
VassarStats|operating-system|Web|TERESAH
WebLicht|keyword|Active|TERESAH
WebLicht|creator|CLARIN-D|TERESAH
WebLicht|keyword|grammatical tagging|TERESAH
WebLicht|url|https://www.clarin-d.net/en/language-resources-and-services/weblicht|TERESAH
WebLicht|application-category|4_Analysis|TERESAH
WebLicht|operating-system|Web|TERESAH
WebLicht|description|"WebLicht is a service-oriented architecture (SOA) for creating annotated text corpora. Development started in October 2008 as part of CLARIN-D's predecessor project D-SPIN, and further development and enhancement of WebLicht is an important goal of CLARIN-D, aiming to make WebLicht a fully-functional virtual research environment.
WebLicht employs chains of RESTful web services. Each web service encapsulates a certain linguistic tool. For example, users can access as a web service the query component of a corpus, a format converter, a tokenizer, a tagger, or a parser. Translation between the input format specific to some tool and the WebLicht information interchange format TCF (see below) is performed by a web service wrapper. Each web service adds at least one layer of annotation encompassing the work of the tool encapsulated by that service. The output of a chain of WebLicht services is an automatically analyzed corpus in the form of an XML document.
To do this, each WebLicht service must be able to use a common interchange format that all the other services can also process. CLARIN-D's Text Corpus Format (TCF), serves this purpose. It is broadly compatible with existing related interchange formats like Negra, Paula, or TüBa-D/Z, and format-specific converters allow interchange between them.
WebLicht can be accessed only with a valid DFN-AAI/Shibboleth-based account or a local Tübingen account."|BambooDirt
Weka|keyword|Active development|TERESAH
Weka|keyword|Advanced|TERESAH
Weka|keyword|feature selection|TERESAH
Weka|license|GNU GPL|TERESAH
Weka|url|http://www.cs.waikato.ac.nz/ml/weka/|TERESAH
Weka|keyword|Offline|TERESAH
Weka|keyword|Single purpose|TERESAH
Weka|application-category|4_Analysis|TERESAH
Weka|creator|University of Waikato|TERESAH
Weka|operating-system|Web|TERESAH
Weka|description|"Weka offers a suite of algorithms for machine learning. Common data mining tasks covered include pre-processing, classification and clustering. The project also offers a selection of datasets for download. It is possible to use CSV data but there are certain limitations compared to the default Weka file format of ARFF (Attribute Relation File Format); conversion to ARFF using Java or Python is discussed in the project documentation. There is also a book by project members: Data Mining: Practical Machine Learning Tools and Techniques, which covers data mining in general and using Weka for practical examples."|HistoryOnline
Weka|description|Weka provides machine learning algorithms in Java for data mining and predictive modeling tasks. These algorithms can either be incorporated into other Java code or called from the Weka Workbench, a GUI environment.|BambooDirt
Versioning Machine|description|"""The Versioning Machine is a framework and an interface for displaying multiple versions of text encoded according to the Text Encoding Initiative (TEI) Guidelines... While the VM provides for features typically found in critical editions, such as annotation and introductory material, it also takes advantage of the opportunities afforded by electronic publication to allow for the comparison diplomatic versions of witnesses, and the ability to easily compare an image of the manuscript with a diplomatic version"""|BambooDirt
Versioning Machine|url|http://v-machine.org/|TERESAH
Versioning Machine|application-category|Gathering|TERESAH
Versioning Machine|application-category|Organizing|TERESAH
Versioning Machine|operating-system|Web|TERESAH
Versioning Machine|keyword|XSLT|TERESAH
Whatizit|url|http://www.ebi.ac.uk/webservices/whatizit/info.jsf|TERESAH
Whatizit|keyword|text analysis|TERESAH
Whatizit|application-category|4_Analysis|TERESAH
Whatizit|operating-system|Web|TERESAH
Whatizit|description|Whatizit can ingest up to 500,000 terms pasted into the input box and execute any of the pre-defined text analysis pipelines.|BambooDirt
VisuWords|url|http://www.visuwords.com/|TERESAH
VisuWords|creator|logicalOctopus|TERESAH
VisuWords|operating-system|Web|TERESAH
VisuWords|is-used-for|Pattern Recognition > Analysis-Relational Analysis|TERESAH
VisuWords|keyword|visual search|TERESAH
VisuWords|description|VisuWords is a mindmapping linguistic tool that shows the relationships between the queried word and related words in an interactive map, with corresponding definitions.|BambooDirt
Voyant Tools|keyword|Active|TERESAH
Voyant Tools|url|http://voyant-tools.org/|TERESAH
Voyant Tools|operating-system|Web|TERESAH
Voyant Tools|application-category|Visualization|TERESAH
Voyant Tools|keyword|word cloud|TERESAH
Voyant Tools|description|Voyant Tools is a web-based reading and analysis environment for digital texts.|BambooDirt
XSugar|creator|Aarhus University|TERESAH
XSugar|keyword|analysis|TERESAH
XSugar|keyword|creation|TERESAH
XSugar|operating-system|Cross-platform|TERESAH
XSugar|standard|eXtended FLAT (XFLAT)|TERESAH
XSugar|license|GNU GPL|TERESAH
XSugar|url|http://www.brics.dk/xsugar/|TERESAH
XSugar|keyword|Java|TERESAH
XSugar|keyword|language processing|TERESAH
XSugar|keyword|markup|TERESAH
XSugar|creator|Programming Language Research Team, Department of Computer Science, Aarhus University|TERESAH
XSugar|keyword|text classification|TERESAH
XSugar|application-category|Web development|TERESAH
XSugar|standard|XML|TERESAH
XSugar|description|XSugar is a proof of concept tool for mapping textual content between a flat file schema (e.g. wiki mark-up) and XML format (e.g. RELAX NG, XFlat, BibTeX). The tool performs statistical analysis to establish if transformations between the two formats are bi-directional, enabling content that has been converted into an XML format to be re-exported to the original flat file structure, or vice-versa. To validate the conversion, a schema must exist for source and destination formats, e.g. a bespoke XFlat encoded XML document that contains a definition of the structure of a class of flat files, an XML schema.|ArtsHumanities
XSugar|description|"XSugar is a proof of concept tool for mapping textual content between a flat file schema and XML format. It performs statistical analysis to establish if transformations between the two formats are bi-directional, enabling content that has been converted into an XML format to be re-exported to the original flat file structure, or vice-versa. To validate the conversion, a schema must exist for source and destination formats, e.g. a bespoke XFlat encoded XML document that contains a definition of the structure of a class of flat files, an XML schema.
Features: 
Bi-directional content conversion
Support for any flat file structure that has been document in an appropriate XFlat format.
Support for variety of XML-based formats"|BambooDirt
yED Graph|keyword|data visualization|TERESAH
yED Graph|url|http://www.yworks.com/en/index.html|TERESAH
yED Graph|operating-system|Web|TERESAH
yED Graph|application-category|Visualization|TERESAH
yED Graph|description|yEd is a powerful desktop application that can be used to quickly and effectively generate high-quality diagrams. Create diagrams manually, or import your external data for analysis. Our automatic layout algorithms arrange even large data sets with just the press of a button.|BambooDirt
Zotero|application-category|Organizing|TERESAH
Zotero|url|http://www.zotero.org/|TERESAH
Zotero|operating-system|Linux|TERESAH
Zotero|keyword|organization|TERESAH
Zotero|keyword|Paid|TERESAH
Zotero|creator|Roy Rosenzweig Center for History and New Media (CHNM)|TERESAH
Zotero|keyword|Zotero|TERESAH
Zotero|description|"Zotero allows users to bookmark and save content (PDFs, images, audio and video files, snapshots of web pages, etc.) by automatically pulling in metadata stored on websites. Users can then search, tag and annotate any entry in their library.
Zotero is primarily available as a Firefox plug-in, but is now also available in a stand-alone version with connectors to other browsers.
Zotero also allows students to automatically create Works Cited pages by drawing on the sources used in a document."|BambooDirt
